Date,EMA,Close
2020-06-15,,116.37000274658203
2020-06-16,,118.47000122070312
2020-06-17,,118.0999984741211
2020-06-18,,118.0199966430664
2020-06-19,117.49036934935019,117.23999786376953
2020-06-22,117.5835784472556,117.7699966430664
2020-06-23,117.80571896483707,118.25
2020-06-24,117.03048042886925,115.4800033569336
2020-06-25,116.82032079453914,116.4000015258789
2020-06-26,116.05021457510293,114.51000213623047
2020-06-29,115.90014254144232,115.5999984741211
2020-06-30,116.32676179602015,117.18000030517578
2020-07-01,116.61784018009418,117.19999694824219
2020-07-02,117.02855961143649,117.8499984741211
2020-07-06,117.72903882543032,119.12999725341797
2020-07-07,117.97936033593143,118.4800033569336
2020-07-08,118.28290668717045,118.88999938964844
2020-07-09,118.23193687591964,118.12999725341797
2020-07-10,118.55462356669383,119.19999694824219
2020-07-13,118.61974904446257,118.75
2020-07-14,119.32983269630839,120.75
2020-07-15,120.20655482569649,121.95999908447266
2020-07-16,120.7743711045008,121.91000366210938
2020-07-17,121.40291529037034,122.66000366210938
2020-07-20,121.72527777577425,122.37000274658203
2020-07-21,122.1501851838495,123.0
2020-07-22,122.80012294727337,124.0999984741211
2020-07-23,123.00341651888539,123.41000366210938
2020-07-24,122.9689448545499,122.9000015258789
2020-07-27,123.0759635415424,123.29000091552734
2020-07-28,122.96397498228478,122.73999786376953
2020-07-29,123.28598342324847,123.93000030517578
2020-07-30,123.34065459824637,123.44999694824219
2020-07-31,123.23043711090774,123.01000213623047
2020-08-03,123.39695919291637,123.7300033569336
2020-08-04,123.70130531480883,124.30999755859375
2020-08-05,124.1842040518322,125.1500015258789
2020-08-06,124.6428018874194,125.55999755859375
2020-08-07,125.19853377781085,126.30999755859375
2020-08-10,125.77902333234266,126.94000244140625
2020-08-11,126.0793489899537,126.68000030517578
2020-08-12,126.77623204961758,128.1699981689453
2020-08-13,127.17082106123594,127.95999908447266
2020-08-14,127.44387999541382,127.98999786376953
2020-08-17,127.76592121764568,128.41000366210938
2020-08-18,127.95727959106067,128.33999633789062
2020-08-19,127.9348528572566,127.88999938964844
2020-08-20,127.84990200656301,127.68000030517578
2020-08-21,127.8866010325329,127.95999908447266
2020-08-24,128.29106938952714,129.10000610351562
2020-08-25,128.59071374015352,129.19000244140625
2020-08-26,128.96381139805808,129.7100067138672
2020-08-27,129.52920881940852,130.66000366210938
2020-08-28,130.24280526925412,131.6699981689453
2020-08-31,130.3585356254663,130.58999633789062
2020-09-01,130.75235484568847,131.5399932861328
2020-09-02,131.78156867642252,133.83999633789062
2020-09-03,131.18771245094837,130.0
2020-09-04,130.49181033513747,129.10000610351562
2020-09-08,129.29120668664115,126.88999938964844
2020-09-09,129.2741396221488,129.24000549316406
2020-09-10,128.63942733029322,127.37000274658203
2020-09-11,128.44295257078142,128.0500030517578
2020-09-14,128.83530008625013,129.6199951171875
2020-09-15,129.30019863334644,130.22999572753906
2020-09-16,129.5768007165018,130.1300048828125
2020-09-17,129.48786633053246,129.30999755859375
2020-09-18,129.1019114973732,128.3300018310547
2020-09-21,128.23794171032563,126.51000213623047
2020-09-22,127.9919611402171,127.5
2020-09-23,127.1479737883023,125.45999908447266
2020-09-24,126.62198242380961,125.56999969482422
2020-09-25,126.7946547457559,127.13999938964844
2020-09-28,127.47310377418884,128.8300018310547
2020-09-29,127.54873483220663,127.69999694824219
2020-09-30,127.91915777550756,128.66000366210938
2020-10-01,128.33277307104152,129.16000366210938
2020-10-02,128.40518306461362,128.5500030517578
2020-10-05,129.09012428103148,130.4600067138672
2020-10-06,129.10674931723713,129.13999938964844
2020-10-07,129.81116661839246,131.22000122070312
2020-10-08,130.6041118927304,132.19000244140625
2020-10-09,131.52607296754945,133.3699951171875
2020-10-12,132.52738157146527,134.52999877929688
2020-10-13,133.03825356717476,134.05999755859375
2020-10-14,133.18550095396287,133.47999572753906
2020-10-15,133.32033274860547,133.58999633789062
2020-10-16,133.60688605766407,134.17999267578125
2020-10-19,133.09125655797396,132.05999755859375
2020-10-20,132.91417022484723,132.55999755859375
2020-10-21,132.70944783381742,132.3000030517578
2020-10-22,132.68962985470642,132.64999389648438
2020-10-23,132.83975303302043,133.13999938964844
2020-10-26,132.1198329139407,130.67999267578125
2020-10-27,131.29988982999694,129.66000366210938
2020-10-28,129.4732597849394,125.81999969482422
2020-10-29,128.46217400376167,126.44000244140625
2020-10-30,127.55478195709765,125.73999786376953
2020-11-02,127.57318817484897,127.61000061035156
2020-11-03,128.44545959703476,130.19000244140625
2020-11-04,129.56697225088777,131.80999755859375
2020-11-05,131.0379800764382,133.97999572753906
2020-11-06,132.11198488657078,134.25999450683594
2020-11-09,133.34465577724512,135.80999755859375
2020-11-10,134.48977011126237,136.77999877929688
2020-11-11,135.386510966102,137.17999267578125
2020-11-12,135.5776762153571,135.9600067138672
2020-11-13,136.32178332976932,137.80999755859375
2020-11-16,137.38452038879154,139.50999450683594
2020-11-17,137.73634773966313,138.44000244140625
2020-11-18,137.43090093451502,136.82000732421875
2020-11-19,137.34726484827044,137.17999267578125
2020-11-20,137.0448440459824,136.44000244140625
2020-11-23,137.13322855018617,137.30999755859375
2020-11-24,137.7921525702413,139.11000061035156
2020-11-25,138.04143280887183,138.5399932861328
2020-11-27,138.26095418866197,138.6999969482422
2020-11-30,138.2939696625585,138.36000061035156
2020-12-01,138.6393137187239,139.3300018310547
2020-12-02,138.73287520213105,138.9199981689453
2020-12-03,138.66191822557437,138.52000427246094
2020-12-04,139.04461133658083,139.80999755859375
2020-12-07,139.08307544509034,139.16000366210938
2020-12-08,139.23204988982587,139.52999877929688
2020-12-09,139.1746991127485,139.05999755859375
2020-12-10,138.873134165986,138.27000427246094
2020-12-11,138.828757941712,138.74000549316406
2020-12-14,138.5391741990971,137.9600067138672
2020-12-15,138.92945170402047,139.7100067138672
2020-12-16,139.1696324348418,139.64999389648438
2020-12-17,139.71642080942578,140.80999755859375
2020-12-18,140.04094802008595,140.69000244140625
2020-12-21,139.71063303064324,139.0500030517578
2020-12-22,139.3437555572127,138.61000061035156
2020-12-23,139.07917138872773,138.5500030517578
2020-12-24,139.12944616833153,139.22999572753906
2020-12-28,139.4429665536273,140.07000732421875
2020-12-29,139.54864253803018,139.75999450683594
2020-12-30,139.76576067476753,140.1999969482422
2020-12-31,140.23383983949347,141.1699981689453
2021-01-04,139.9125613171493,139.27000427246094
2021-01-05,139.84837461833393,139.72000122070312
2021-01-06,140.39224832140232,141.47999572753906
2021-01-07,141.04483424877344,142.35000610351562
2021-01-08,141.64655820035418,142.85000610351562
2021-01-11,141.9043715232179,142.4199981689453
2021-01-12,142.03958020167653,142.30999755859375
2021-01-13,142.06305367123488,142.11000061035156
2021-01-14,141.80870346474254,141.3000030517578
2021-01-15,141.45580230982836,140.75
2021-01-19,141.3305354835705,141.0800018310547
2021-01-20,141.557021824659,142.00999450683594
2021-01-21,141.55801373597058,141.55999755859375
2021-01-22,141.36200956421476,140.97000122070312
2021-01-25,141.3913386922239,141.4499969482422
2021-01-26,141.33089469943835,141.2100067138672
2021-01-27,140.12726353985994,137.72000122070312
2021-01-28,140.00817711739361,139.77000427246094
2021-01-29,139.02211909551502,137.0500030517578
2021-02-01,138.87141517174962,138.57000732421875
2021-02-02,139.40094568578883,140.4600067138672
2021-02-03,139.63729732730974,140.11000061035156
2021-02-04,140.14486610557628,141.16000366210938
2021-02-05,140.69990992324878,141.80999755859375
2021-02-08,141.4099405591841,142.8300018310547
2021-02-09,141.92329268887013,142.9499969482422
2021-02-10,142.22552906959834,142.8300018310547
2021-02-11,142.55035169581296,143.1999969482422
2021-02-12,142.82023466732585,143.36000061035156
2021-02-16,142.79349160927194,142.74000549316406
2021-02-17,142.87565883489225,143.0399932861328
2021-02-18,142.72710344852192,142.42999267578125
2021-02-19,142.42806957603284,141.8300018310547
2021-02-22,142.1153815484099,141.49000549316406
2021-02-23,141.9635889196431,141.66000366210938
2021-02-24,142.18905907631154,142.63999938964844
2021-02-25,141.55603714625198,140.2899932861328
2021-02-26,140.77402700212372,139.2100067138672
2021-03-01,141.13601820486633,141.86000061035156
2021-03-02,141.1373452664604,141.13999938964844
2021-03-03,140.5915635109736,139.5
2021-03-04,139.5310435613522,137.41000366210938
2021-03-05,139.8806963179197,140.5800018310547
2021-03-08,140.40379652802721,141.4499969482422
2021-03-09,140.9891989060546,142.16000366210938
2021-03-10,141.78279764309892,143.3699951171875
2021-03-11,142.48852972756075,143.89999389648438
2021-03-12,143.20901778386863,144.64999389648438
2021-03-15,143.96601043175878,145.47999572753906
2021-03-16,144.38733886368556,145.22999572753906
2021-03-17,144.6582248918711,145.1999969482422
2021-03-18,144.5988151704271,144.47999572753906
2021-03-19,144.4325454814566,144.10000610351562
2021-03-22,144.3683654853591,144.24000549316406
2021-03-23,144.12890828906754,143.64999389648438
2021-03-24,144.00593702832367,143.75999450683594
2021-03-25,144.3439594430361,145.02000427246094
2021-03-26,145.5593081264121,147.99000549316406
2021-03-29,146.3828716773737,148.02999877929688
2021-03-30,146.6785825424028,147.27000427246094
2021-03-31,146.81238897195345,147.0800018310547
2021-04-01,147.23825809393253,148.08999633789062
2021-04-05,148.18550600630658,150.0800018310547
2021-04-06,148.72367168812366,149.8000030517578
2021-04-07,149.01911466219963,149.61000061035156
2021-04-08,149.29607847597163,149.85000610351562
2021-04-09,149.8240539449186,150.8800048828125
2021-04-12,150.28603820123482,151.2100067138672
2021-04-13,150.46735941117478,150.8300018310547
2021-04-14,150.52490607066602,150.63999938964844
2021-04-15,151.06660201260547,152.14999389648438
2021-04-16,151.73773528542188,153.0800018310547
2021-04-19,151.94848856267708,152.3699951171875
2021-04-20,151.95565944868576,151.97000122070312
2021-04-21,152.38710629912384,153.25
2021-04-22,152.27473855000184,152.0500030517578
2021-04-23,152.60649379082156,153.27000427246094
2021-04-26,152.58766354446698,152.5500030517578
2021-04-27,152.68844215952748,152.88999938964844
2021-04-28,152.55562586839594,152.2899932861328
2021-04-29,152.98708594676918,153.85000610351562
2021-04-30,152.9947221334581,153.00999450683594
2021-05-03,153.38314930967522,154.16000366210938
2021-05-04,153.715434500721,154.3800048828125
2021-05-05,153.976956333814,154.5
2021-05-06,154.59130666394893,155.82000732421875
2021-05-07,155.2808723300024,156.66000366210938
2021-05-10,155.65724944070473,156.41000366210938
2021-05-11,155.33149718573026,154.67999267578125
2021-05-12,154.01433308475768,151.3800048828125
2021-05-13,153.99622429446086,153.9600067138672
2021-05-14,154.477483676776,155.44000244140625
2021-05-17,154.56499094890535,154.74000549316406
2021-05-18,154.26332851997336,153.66000366210938
2021-05-19,153.93555193974788,153.27999877929688
2021-05-20,154.08370292076944,154.3800048828125
2021-05-21,154.24913589086452,154.5800018310547
2021-05-24,154.60942453759458,155.3300018310547
2021-05-25,154.7762832285136,155.11000061035156
2021-05-26,154.9041900397122,155.16000366210938
2021-05-27,155.07279458051127,155.41000366210938
2021-05-28,155.2818620364216,155.6999969482422
2021-06-01,155.1712403403618,154.9499969482422
2021-06-02,155.17415778550162,155.17999267578125
2021-06-03,155.15610356273027,155.1199951171875
2021-06-04,155.4307342843332,155.97999572753906
2021-06-07,155.39048870908672,155.30999755859375
2021-06-08,155.26699389687815,155.02000427246094
2021-06-09,155.02466035996304,154.5399932861328
2021-06-10,155.0064406468764,154.97000122070312
2021-06-11,155.09095860019625,155.25999450683594
2021-06-14,155.06397056907616,155.00999450683594
2021-06-15,154.98264948745702,154.82000732421875
2021-06-16,154.48510148935938,153.49000549316406
2021-06-17,153.98339956875262,152.97999572753906
2021-06-18,152.8022671929705,150.44000244140625
2021-06-21,152.62150963092566,152.25999450683594
2021-06-22,152.6810074378697,152.8000030517578
2021-06-23,152.48067223559804,152.0800018310547
2021-06-24,152.6737806765966,153.05999755859375
2021-06-25,153.21585480165035,154.3000030517578
2021-06-28,153.5539017769466,154.22999572753906
2021-06-29,153.83926907200086,154.41000366210938
2021-06-30,154.1561771433782,154.7899932861328
2021-07-01,154.65411606108026,155.64999389648438
2021-07-02,155.34274444762121,156.72000122070312
2021-07-06,155.57516072712508,156.0399932861328
2021-07-07,156.12010938937246,157.2100067138672
2021-07-08,156.0234068699332,155.8300018310547
2021-07-09,156.5222726707758,157.52000427246094
2021-07-12,156.9781815770667,157.88999938964844
2021-07-13,157.12212227208093,157.41000366210938
2021-07-14,157.32808334577533,157.74000549316406
2021-07-15,157.50872060291272,157.8699951171875
2021-07-16,157.43247999504078,157.27999877929688
2021-07-19,156.63165292312615,155.02999877929688
2021-07-20,156.7544352820841,157.0
2021-07-21,157.1862912053087,158.0500030517578
2021-07-22,157.4375282840079,157.94000244140625
2021-07-23,158.0950200767084,159.41000366210938
2021-07-26,158.52001175686812,159.3699951171875
2021-07-27,158.75334157814646,159.22000122070312
2021-07-28,158.6888935716289,158.55999755859375
2021-07-29,159.03926421214064,159.74000549316406
2021-07-30,159.26617654832813,159.72000122070312
2021-08-02,159.27078395865107,159.27999877929688
2021-08-03,159.69719032301998,160.5500030517578
2021-08-04,159.62479212452635,159.47999572753906
2021-08-05,159.79652787956707,160.13999938964844
2021-08-06,160.06435395421659,160.60000610351562
2021-08-09,160.10623678327983,160.19000244140625
2021-08-10,160.33749220610582,160.8000030517578
2021-08-11,160.77832935810702,161.66000366210938
2021-08-12,161.0722207927745,161.66000366210938
2021-08-13,161.42147890091218,162.1199951171875
2021-08-16,162.00098715464458,163.16000366210938
2021-08-17,162.07066034105213,162.2100067138672
2021-08-18,161.53377579865716,160.4600067138672
2021-08-19,161.3358513462402,160.94000244140625
2021-08-20,161.57390191474607,162.0500030517578
2021-08-23,161.8326033110026,162.35000610351562
2021-08-24,161.8950702981554,162.02000427246094
2021-08-25,162.0167117010489,162.25999450683594
2021-08-26,161.834474874267,161.47000122070312
2021-08-27,162.00965011962853,162.36000061035156
2021-08-30,162.22976613606747,162.6699981689453
2021-08-31,162.28317722059447,162.38999938964844
2021-09-01,162.34545188729737,162.47000122070312
2021-09-02,162.59363337082846,163.08999633789062
2021-09-03,162.68575395294815,162.8699951171875
2021-09-07,162.19383820658783,161.2100067138672
2021-09-08,162.0125567698867,161.64999389648438
2021-09-09,161.63170288565362,160.8699951171875
2021-09-10,161.14779948236284,160.17999267578125
2021-09-13,160.90853054683566,160.42999267578125
2021-09-14,160.3190201611066,159.13999938964844
2021-09-15,160.27267766599817,160.17999267578125
2021-09-16,160.1151194612514,159.8000030517578
2021-09-17,159.54674752820407,158.41000366210938
2021-09-20,158.23449855558658,155.61000061035156
2021-09-21,157.2963317600395,155.4199981689453
2021-09-22,157.02421974920603,156.47999572753906
2021-09-23,157.36947901900194,158.05999755859375
2021-09-24,157.66631751494663,158.25999450683594
2021-09-27,157.7508777329462,157.9199981689453
2021-09-28,156.96391828518028,155.38999938964844
2021-09-29,156.60927682228166,155.89999389648438
2021-09-30,155.606186582693,153.60000610351562
2021-10-01,155.44412276085785,155.1199951171875
2021-10-04,154.8760836716266,153.74000549316406
2021-10-05,155.00739053857137,155.27000427246094
2021-10-06,155.37159572688614,156.10000610351562
2021-10-07,156.0943949133017,157.5399932861328
2021-10-08,156.4795966088678,157.25
2021-10-11,156.38973331053427,156.2100067138672
2021-10-12,156.21982383462702,155.8800048828125
2021-10-13,156.25654983343625,156.3300018310547
2021-10-14,157.2110315946867,159.1199951171875
2021-10-15,158.2506883401427,160.3300018310547
2021-10-18,158.90045787617586,160.1999969482422
2021-10-19,159.79363919446882,161.5800018310547
2021-10-20,160.69242796070057,162.49000549316406
2021-10-21,161.47494973584466,163.0399932861328
2021-10-22,162.30663356413083,163.97000122070312
2021-10-25,163.01441993468097,164.42999267578125
2021-10-26,163.50628178750867,164.49000549316406
2021-10-27,163.31085391465422,162.9199981689453
2021-10-28,163.53390118561583,163.97999572753906
2021-10-29,163.77260079041056,164.25
2021-11-01,163.9317338602737,164.25
2021-11-02,164.35782481147154,165.2100067138672
2021-11-03,164.83855089156697,165.8000030517578
2021-11-04,165.3390327070082,166.33999633789062
2021-11-05,165.9560226184742,167.19000244140625
2021-11-08,166.39067991459478,167.25999450683594
2021-11-09,166.6771199430632,167.25
2021-11-10,166.67141451607858,166.66000366210938
2021-11-11,166.61094484177374,166.49000549316406
2021-11-12,166.91729615428147,167.52999877929688
2021-11-15,167.10819926724236,167.49000549316406
2021-11-16,167.52213487933346,168.35000610351562
2021-11-17,167.56142304943847,167.63999938964844
2021-11-18,167.55761638354494,167.5500030517578
2021-11-19,167.39174344189456,167.05999755859375
2021-11-22,167.28782957161462,167.0800018310547
2021-11-23,167.41188760177954,167.66000366210938
2021-11-24,167.47792527130355,167.61000061035156
2021-11-26,166.38861908549143,164.2100067138672
2021-11-29,166.16574646389535,165.72000122070312
2021-11-30,164.77383280698493,161.99000549316406
2021-12-01,163.55255540810714,161.11000061035156
2021-12-02,163.65503714218863,163.86000061035156
2021-12-03,163.70002252350338,163.7899932861328
2021-12-06,164.4666816823356,166.0
2021-12-07,165.65445404798936,168.02999877929688
2021-12-08,166.37963664234448,167.8300018310547
2021-12-09,166.73975999951872,167.4600067138672
2021-12-10,167.70317496061665,169.6300048828125
2021-12-13,168.19211603005954,169.1699981689453
2021-12-14,168.20141109360742,168.22000122070312
2021-12-15,168.8442756900091,170.1300048828125
2021-12-16,169.1828506634566,169.86000061035156
2021-12-17,168.54189861124974,167.25999450683594
2021-12-20,167.26793281440087,164.72000122070312
2021-12-21,167.06528976363705,166.66000366210938
2021-12-22,167.34686106312785,167.91000366210938
2021-12-23,167.84124131910346,168.8300018310547
2021-12-27,168.90416047250127,171.02999877929688
2021-12-28,169.7527726310816,171.4499969482422
2021-12-29,170.53184720001795,172.08999633789062
2021-12-30,170.87123248393124,171.5500030517578
2021-12-31,171.1641549892875,171.75
2022-01-03,171.17277080666042,171.19000244140625
2022-01-04,171.5185161090627,172.2100067138672
2022-01-05,171.15567496463555,170.42999267578125
2022-01-06,170.73378310630653,169.88999938964844
2022-01-07,170.16918649958197,169.0399932861328
2022-01-10,169.45279242387497,168.02000427246094
2022-01-11,169.20519718720573,168.7100067138672
2022-01-12,169.14679771790279,169.02999877929688
2022-01-13,168.70453425334145,167.82000732421875
2022-01-14,168.06302242865993,166.77999877929688
2022-01-18,166.78868345016133,164.24000549316406
2022-01-19,165.5991227070086,163.22000122070312
2022-01-20,164.21274928514117,161.44000244140625
2022-01-21,162.73849728547174,159.7899932861328
2022-01-24,162.07233335470252,160.74000549316406
2022-01-25,161.02488646172878,158.92999267578125
2022-01-26,160.14659077103533,158.38999938964844
2022-01-27,159.37772595998712,157.83999633789062
2022-01-28,159.84848173536903,160.7899932861328
2022-01-31,160.77898762012885,162.63999938964844
2022-02-01,161.68932324903122,163.50999450683594
2022-02-02,162.8795470016328,165.25999450683594
2022-02-03,162.94303377582813,163.07000732421875
2022-02-04,162.7453578850573,162.35000610351562
2022-02-07,162.40690383255122,161.72999572753906
2022-02-08,162.6379379228727,163.10000610351562
2022-02-09,163.4419596325011,165.0500030517578
2022-02-10,162.98797369868564,162.0800018310547
2022-02-11,161.82531579912376,159.5
2022-02-14,160.81687821666844,158.8000030517578
2022-02-15,160.8412519409951,160.88999938964844
2022-02-16,160.96417019861914,161.2100067138672
2022-02-17,160.21944537492578,158.72999572753906
2022-02-18,159.5696316741042,158.27000427246094
2022-02-22,158.59975567010594,156.66000366210938
2022-02-23,157.18650398352116,154.36000061035156
2022-02-24,156.48100509708703,155.07000732421875
2022-02-25,157.34400583946427,159.07000732421875
2022-02-28,157.5893378366611,158.0800018310547
2022-03-01,156.9862248175397,155.77999877929688
2022-03-02,157.5308149174223,158.6199951171875
2022-03-03,157.99054449898466,158.91000366210938
2022-03-04,158.18036218552103,158.55999755859375
2022-03-07,157.04023962595934,154.75999450683594
2022-03-08,155.5568251966031,152.58999633789062
2022-03-09,155.59788102299584,155.67999267578125
2022-03-10,155.35858897626807,154.8800048828125
2022-03-11,154.71906013131414,153.44000244140625
2022-03-14,154.3793724036235,153.6999969482422
2022-03-15,155.28291371504588,157.08999633789062
2022-03-16,156.60194430775195,159.24000549316406
2022-03-17,157.9579622614831,160.6699981689453
2022-03-18,159.21530675016842,161.72999572753906
2022-03-21,159.69020429666176,160.63999938964844
2022-03-22,160.37347136216255,161.74000549316406
2022-03-23,160.0389792805042,159.3699951171875
2022-03-24,160.4193170789299,161.17999267578125
2022-03-25,160.98287825607048,162.11000061035156
2022-03-28,161.65192066843503,162.99000549316406
2022-03-29,162.7479479260921,164.94000244140625
2022-03-30,163.25196345300674,164.25999450683594
2022-03-31,162.88797685604095,162.16000366210938
2022-04-01,162.82531688677471,162.6999969482422
2022-04-04,162.86687690726387,162.9499969482422
2022-04-05,162.55458216343635,161.92999267578125
2022-04-06,162.20638627790288,161.50999450683594
2022-04-07,162.29092642322433,162.4600067138672
2022-04-08,162.36394911776154,162.50999450683594
2022-04-11,161.76263193137228,160.55999755859375
2022-04-12,161.1184218979331,159.8300018310547
2022-04-13,161.08227943423407,161.00999450683594
2022-04-14,160.66485356650762,159.8300018310547
2022-04-18,160.21657148574468,159.32000732421875
2022-04-19,160.79771656178553,161.9600067138672
2022-04-20,161.69847770785702,163.5
2022-04-21,161.75565017763387,161.8699951171875
2022-04-22,160.33043202760228,157.47999572753906
2022-04-25,159.7302876115005,158.52999877929688
2022-04-26,158.17019275825294,155.0500030517578
2022-04-27,157.46346285608792,156.0500030517578
2022-04-28,157.96564231095965,158.97000122070312
2022-04-29,156.59709507742363,153.86000061035156
2022-05-02,155.7480644022017,154.0500030517578
2022-05-03,155.25204110374645,154.25999450683594
2022-05-04,156.34802516454192,158.5399932861328
2022-05-05,155.51535214419982,153.85000610351562
2022-05-06,154.67023333864626,152.97999572753906
2022-05-09,153.17682303956627,150.19000244140625
2022-05-10,152.05121637696345,149.8000030517578
2022-05-11,150.76414506511105,148.19000244140625
2022-05-12,149.96276358019122,148.36000061035156
2022-05-13,150.1951769408306,150.66000366210938
2022-05-16,150.29345312494178,150.49000549316406
2022-05-17,151.13896936031276,152.8300018310547
2022-05-18,149.63931270342465,146.63999938964844
2022-05-19,148.16287737357217,145.2100067138672
2022-05-20,147.37525259963405,145.8000030517578
2022-05-23,147.68350275034197,148.3000030517578
2022-05-24,147.9990034611655,148.6300048828125
2022-05-25,148.45600067983952,149.3699951171875
2022-05-26,149.62066610264043,151.9499969482422
2022-05-27,151.34711175234622,154.8000030517578
2022-05-31,152.14807450156417,153.75
2022-06-01,152.11204742975372,152.0399932861328
2022-06-02,152.94136698767437,154.60000610351562
2022-06-03,152.91757636417876,152.8699951171875
2022-06-06,152.98504928184835,153.1199951171875
2022-06-07,153.44336639134943,154.36000061035156
2022-06-08,153.07557637352983,152.33999633789062
2022-06-09,151.92038445247042,149.61000061035156
2022-06-10,149.98025833615216,146.10000610351562
2022-06-13,147.3235037263801,142.00999450683594
2022-06-14,145.2290002462977,141.0399932861328
2022-06-15,144.28933471823493,142.41000366210938
2022-06-16,142.40955444431808,138.64999389648438
2022-06-17,141.15303609276154,138.63999938964844
2022-06-21,141.09202446874207,140.97000122070312
2022-06-22,141.09801651594523,141.11000061035156
2022-06-23,141.5653443439635,142.5
2022-06-24,143.2002299695434,146.47000122070312
2022-06-27,144.19015270267738,146.1699981689453
2022-06-28,144.0134363558214,143.66000366210938
2022-06-29,143.95895960505283,143.85000610351562
2022-06-30,143.79597347693627,143.47000122070312
2022-07-01,144.1439810972544,144.83999633789062
2022-07-05,144.13598577056544,144.1199951171875
2022-07-06,144.37732405049417,144.86000061035156
2022-07-07,144.92821562676176,146.02999877929688
2022-07-08,145.24214212357035,145.8699951171875
2022-07-11,145.19809495249743,145.11000061035156
2022-07-12,144.78206228441235,143.9499969482422
2022-07-13,144.29137404247282,143.30999755859375
2022-07-14,143.85091643521628,142.97000122070312
2022-07-15,144.41061054990982,145.52999877929688
2022-07-18,144.31707532754405,144.1300048828125
2022-07-19,145.3913813137403,147.5399932861328
2022-07-20,146.13758917009773,147.6300048828125
2022-07-21,147.06505883638027,148.9199981689453
2022-07-22,147.6033701161806,148.67999267578125
2022-07-25,148.06558190850842,148.99000549316406
2022-07-26,148.01372249304208,147.91000366210938
2022-07-27,148.7558168264161,150.24000549316406
2022-07-28,149.9472118279623,152.3300018310547
2022-07-29,151.03814162554258,153.22000122070312
2022-08-01,151.71876169404663,153.0800018310547
2022-08-02,151.76250983053632,151.85000610351562
2022-08-03,152.39167118585235,153.64999389648438
2022-08-04,152.8177801802167,153.6699981689453
2022-08-05,153.18518617645958,153.9199981689453
2022-08-08,153.38345704407203,153.77999877929688
2022-08-09,153.3089725834178,153.16000366210938
2022-08-10,154.1226483889452,155.75
2022-08-11,154.65176783058587,155.7100067138672
2022-08-12,155.75117753647132,157.9499969482422
2022-08-15,156.75745311513452,158.77000427246094
2022-08-16,157.72496996412616,159.66000366210938
2022-08-17,158.0299797726336,158.63999938964844
2022-08-18,158.4033178139172,159.14999389648438
2022-08-19,158.16554602308022,157.69000244140625
2022-08-22,157.05702946135037,154.83999633789062
2022-08-23,155.9846850868638,153.83999633789062
2022-08-24,155.33979107516183,154.0500030517578
2022-08-25,155.536524942035,155.92999267578125
2022-08-26,154.06768492229418,151.1300048828125
2022-08-29,152.81512246772738,150.30999755859375
2022-08-30,151.53008388310732,148.9600067138672
2022-08-31,150.3300534806653,147.92999267578125
2022-09-01,149.80670048938885,148.75999450683594
2022-09-02,148.90780052970976,147.11000061035156
2022-09-06,148.2585359244289,146.9600067138672
2022-09-07,148.71569224389012,149.6300048828125
2022-09-08,149.36045946142156,150.64999389648438
2022-09-09,150.33697073632533,152.2899932861328
2022-09-12,151.3279796770815,153.30999755859375
2022-09-13,150.10198441688246,147.64999389648438
2022-09-14,149.25799205266122,147.57000732421875
2022-09-15,148.27532722130542,146.30999755859375
2022-09-16,147.4102157061307,145.67999267578125
2022-09-19,146.93681230180852,145.99000549316406
2022-09-20,146.02787710582808,144.2100067138672
2022-09-21,144.6919194947057,142.02000427246094
2022-09-22,143.41794470219963,140.8699951171875
2022-09-23,141.96196415205236,139.0500030517578
2022-09-26,140.58131187610783,137.82000732421875
2022-09-27,139.34420628980106,136.8699951171875
2022-09-28,139.29947309782312,139.2100067138672
2022-09-29,138.56631743305397,137.10000610351562
2022-09-30,137.43087950940577,135.16000366210938
2022-10-03,137.8172517855674,138.58999633789062
2022-10-04,139.30150261453193,142.27000427246094
2022-10-05,140.2210009292192,142.05999755859375
2022-10-06,140.22066769304718,140.22000122070312
2022-10-07,139.17711057466167,137.08999633789062
2022-10-10,138.234742417613,136.35000610351562
2022-10-11,137.4731605944894,135.9499969482422
2022-10-12,136.75544283773252,135.32000732421875
2022-10-13,137.40362754123575,138.6999969482422
2022-10-14,137.02908462058946,136.27999877929688
2022-10-17,137.78272084243724,139.2899932861328
2022-10-18,138.86181531911183,141.02000427246094
2022-10-19,139.17454456332717,139.8000030517578
2022-10-20,138.84302726747853,138.17999267578125
2022-10-21,139.7420159403633,141.5399932861328
2022-10-24,140.97467810737763,143.44000244140625
2022-10-25,142.3931173140981,145.22999572753906
2022-10-26,143.51874630021905,145.77000427246094
2022-10-27,144.33583127371375,145.97000122070312
2022-10-28,146.00722288364773,149.35000610351562
2022-10-31,146.87814696149434,148.6199951171875
2022-11-01,147.35209899158218,148.3000030517578
2022-11-02,146.67806660473968,145.3300018310547
2022-11-03,145.86871106982647,144.25
2022-11-04,146.05247343619942,146.4199981689453
2022-11-07,146.7283162344845,148.0800018310547
2022-11-08,147.48221265404436,148.99000549316406
2022-11-09,147.23814176936293,146.75
2022-11-10,149.26209369910654,153.30999755859375
2022-11-11,150.60139539250332,153.27999877929688
2022-11-14,151.1342625777496,152.1999969482422
2022-11-15,151.79284192195027,153.11000061035156
2022-11-16,152.15189298702936,152.8699951171875
2022-11-17,152.30459552813676,152.61000061035156
2022-11-18,152.8397315727943,153.91000366210938
2022-11-21,153.25315499221443,154.0800018310547
2022-11-22,154.15210231089037,155.9499969482422
2022-11-23,155.0213997095389,156.75999450683594
2022-11-25,155.73759919600772,157.1699981689453
2022-11-28,155.52506816517703,155.10000610351562
2022-11-29,155.27004361239668,154.75999450683594
2022-11-30,156.3966937070926,158.64999389648438
2022-12-01,157.16779804268413,158.7100067138672
2022-12-02,157.68186759974515,158.7100067138672
2022-12-05,157.16458002743428,156.1300048828125
2022-12-06,156.3330527412713,154.6699981689453
2022-12-07,155.79203739880327,154.7100067138672
2022-12-08,155.85469017504855,155.97999572753906
2022-12-09,155.52979507763655,154.8800048828125
2022-12-12,156.106528220703,157.25999450683594
2022-12-13,156.7243543850911,157.9600067138672
2022-12-14,156.87623381532114,157.17999267578125
2022-12-15,155.78748941366462,153.61000061035156
2022-12-16,154.54166062636236,152.0500030517578
2022-12-19,153.424441231377,151.19000244140625
2022-12-20,152.44295939676437,150.47999572753906
2022-12-21,152.49197171047314,152.58999633789062
2022-12-22,152.07131304949513,151.22999572753906
2022-12-23,152.0575416260957,152.02999877929688
2022-12-27,152.12169441739715,152.25
2022-12-28,151.64112717019185,150.67999267578125
2022-12-29,151.95075388820084,152.57000732421875
2022-12-30,151.91717129330578,151.85000610351562
2023-01-03,151.87144712196948,151.77999877929688
2023-01-04,152.164298081313,152.75
2023-01-05,151.68953388526336,150.74000549316406
2023-01-06,152.6196878326886,154.47999572753906
2023-01-09,153.0864599792794,154.02000427246094
2023-01-10,153.627642224142,154.7100067138672
2023-01-11,154.47176270346446,156.16000366210938
2023-01-12,155.08450765517424,156.30999755859375
2023-01-13,155.6096729908193,156.66000366210938
2023-01-17,155.64644906744724,155.72000122070312
2023-01-18,154.76429937829818,153.0
2023-01-19,153.65286381079255,151.42999267578125
2023-01-20,153.5985777049164,153.49000549316406
2023-01-23,153.97571704579065,154.72999572753906
2023-01-24,154.29047742017553,154.9199981689453
2023-01-25,154.47365039274723,154.83999633789062
2023-01-26,154.80243583312057,155.4600067138672
2023-01-27,154.96829157266632,155.3000030517578
2023-01-30,154.6888626760484,154.1300048828125
2023-01-31,155.2125732863109,156.25999450683594
2023-02-01,155.99171654145988,157.5500030517578
2023-02-02,156.77114497132482,158.3300018310547
2023-02-03,156.85076148316188,157.00999450683594
2023-02-06,156.70050562093604,156.39999389648438
2023-02-07,156.9470045610928,157.44000244140625
2023-02-08,156.67800283727803,156.13999938964844
2023-02-09,155.99866835473483,154.63999938964844
2023-02-10,155.7991102019847,155.39999389648438
2023-02-13,156.25607285763823,157.1699981689453
2023-02-14,156.33405040281352,156.49000549316406
2023-02-15,156.57270128579495,157.0500030517578
2023-02-16,156.2718002468451,155.6699981689453
2023-02-17,156.19119975766236,156.02999877929688
2023-02-21,155.1174669120093,152.97000122070312
2023-02-22,154.32831127467287,152.75
2023-02-23,153.92887581071943,153.1300048828125
2023-02-24,153.34591476574005,152.17999267578125
2023-02-27,153.0606116748814,152.49000549316406
2023-02-28,152.7004063591006,151.97999572753906
2023-03-01,152.23360525665302,151.3000030517578
2023-03-02,152.28240513203951,152.3800048828125
2023-03-03,152.89827171563053,154.1300048828125
2023-03-06,153.32218053340213,154.1699981689453
2023-03-07,152.83811872799726,151.8699951171875
2023-03-08,152.53207854164663,151.9199981689453
2023-03-09,151.51805419215245,149.49000549316406
2023-03-10,150.23870035336205,147.67999267578125
2023-03-13,149.23913539996272,147.24000549316406
2023-03-14,149.199421972371,149.1199951171875
2023-03-15,148.81628233216662,148.0500030517578
2023-03-16,149.18085610881423,149.91000366210938
2023-03-17,148.87390224148814,148.25999450683594
2023-03-20,149.18927060239835,149.82000732421875
2023-03-21,149.84951312458068,151.1699981689453
2023-03-22,149.4863402519991,148.75999450683594
2023-03-23,149.26756077835097,148.8300018310547
2023-03-24,149.25503909474702,149.22999572753906
2023-03-27,149.47002402865948,149.89999389648438
2023-03-28,149.5466816685204,149.6999969482422
2023-03-29,150.1477898135188,151.35000610351562
2023-03-30,150.79186048603077,152.0800018310547
2023-03-31,151.86457182629917,154.00999450683594
2023-04-03,152.9263822347854,155.0500030517578
2023-04-04,153.28092332091163,153.99000549316406
2023-04-05,153.61727997598535,154.2899932861328
2023-04-06,153.89485230007097,154.4499969482422
2023-04-10,154.14990275408377,154.66000366210938
2023-04-11,154.44659959810014,155.0399932861328
2023-04-12,154.50773469300427,154.6300048828125
2023-04-13,155.0751586999586,156.2100067138672
2023-04-14,155.34010417236823,155.8699951171875
2023-04-17,155.7100684309929,156.4499969482422
2023-04-18,156.04004460340934,156.6999969482422
2023-04-19,156.23002993905675,156.61000061035156
2023-04-20,156.31002036627223,156.47000122070312
2023-04-21,156.38667800622576,156.5399932861328
2023-04-24,156.5544518007,156.88999938964844
2023-04-25,156.03296969818803,154.99000549316406
2023-04-26,155.2453125217738,153.6699981689453
2023-04-27,155.5602091616513,156.19000244140625
2023-04-28,156.23014188250713,157.57000732421875
2023-05-01,156.71676206880684,157.69000244140625
2023-05-02,156.5611747125379,156.25
2023-05-03,156.07078192098882,155.08999633789062
2023-05-04,155.3471859128207,153.89999389648438
2023-05-05,155.66145503725807,156.2899932861328
2023-05-08,155.79763913291163,156.07000732421875
2023-05-09,155.70175759088642,155.50999450683594
2023-05-10,155.70117071000502,155.6999969482422
2023-05-11,155.5374493779591,155.2100067138672
2023-05-12,155.46496869337898,155.32000732421875
2023-05-15,155.4899768909636,155.5399932861328
2023-05-16,155.02331670660595,154.08999633789062
2023-05-17,155.21554650557584,155.60000610351562
2023-05-18,155.66369685658182,156.55999755859375
2023-05-19,155.91246579175768,156.41000366210938
2023-05-22,155.8349747530989,155.67999267578125
2023-05-23,155.24998377908418,154.0800018310547
2023-05-24,154.41332435044416,152.74000549316406
2023-05-25,153.9255485497102,152.9499969482422
2023-05-26,154.10370127109587,154.4600067138672
2023-05-30,154.07246568300923,154.00999450683594
2023-05-31,153.7983104553395,153.25
2023-06-01,154.03220697022635,154.5
2023-06-02,155.11147273763788,157.27000427246094
2023-06-05,155.64764889865964,156.72000122070312
2023-06-06,156.0084311749528,156.72999572753906
2023-06-07,156.31228683961697,156.9199981689453
2023-06-08,156.71819081951028,157.52999877929688
2023-06-09,157.01546074979072,157.61000061035156
2023-06-12,157.57364131366256,158.69000244140625
2023-06-13,158.20909278495475,159.47999572753906
2023-06-14,158.62606409459224,159.4600067138672
2023-06-15,159.62070959984536,161.61000061035156
2023-06-16,160.1638063998969,161.25
2023-06-20,160.14587113671513,160.11000061035156
2023-06-21,160.10724701757573,160.02999877929688
2023-06-22,160.1348321588526,160.19000244140625
2023-06-23,159.7565547725684,159.0
2023-06-26,159.5577044024154,159.16000366210938
2023-06-27,159.94846817745662,160.72999572753906
2023-06-28,160.06564646889035,160.3000030517578
2023-06-29,160.3070954079712,160.7899932861328
2023-06-30,161.01472783057454,162.42999267578125
2023-07-03,161.48315127669815,162.4199981689453
2023-07-05,161.50543520171806,161.5500030517578
2023-07-06,161.1136240781636,160.3300018310547
2023-07-07,160.5490821084242,159.4199981689453
2023-07-10,160.55272059181405,160.55999755859375
2023-07-11,160.8551492991651,161.4600067138672
2023-07-12,161.30343184885749,162.1999969482422
2023-07-13,161.74895436245447,162.63999938964844
2023-07-14,162.0993039255556,162.8000030517578
2023-07-17,162.5362038377402,163.41000366210938
2023-07-18,163.09413812978255,164.2100067138672
2023-07-19,163.5894260302066,164.5800018310547
2023-07-20,164.15628178218202,165.2899932861328
2023-07-21,164.70752037431927,165.80999755859375
2023-07-24,165.3150131759785,166.52999877929688
2023-07-25,165.86000776673308,166.9499969482422
2023-07-26,166.14334074911113,166.7100067138672
2023-07-27,165.89222696262357,165.38999938964844
2023-07-28,165.96814968081156,166.1199951171875
2023-07-31,166.06209978720773,166.25
2023-08-01,166.1180651006515,166.22999572753906
2023-08-02,165.72537754756976,164.94000244140625
2023-08-03,165.29358259030693,164.42999267578125
2023-08-04,164.55572233722285,163.0800018310547
2023-08-07,164.53714822481524,164.5
2023-08-08,164.1714329636789,163.44000244140625
2023-08-09,163.7442884390021,162.88999938964844
2023-08-10,163.45952542255088,162.88999938964844
2023-08-11,163.38968361503393,163.25
2023-08-14,163.48978989049138,163.69000244140625
2023-08-15,162.97986216495,161.9600067138672
2023-08-16,162.3799056685604,161.17999267578125
2023-08-17,161.63993833307674,160.16000366210938
2023-08-18,161.2399597025199,160.44000244140625
2023-08-21,160.96997069360702,160.42999267578125
2023-08-22,160.6433156267927,159.99000549316406
2023-08-23,160.81554497189828,161.16000366210938
2023-08-24,160.42702794676032,159.64999389648438
2023-08-25,160.58135176105637,160.88999938964844
2023-08-28,160.93756580619905,161.64999389648438
2023-08-29,161.72837639033062,163.30999755859375
2023-08-30,162.4089190177074,163.77000427246094
2023-08-31,162.63928137964348,163.10000610351562
2023-09-01,162.926187586429,163.5
2023-09-05,162.6774559495464,162.17999267578125
2023-09-06,162.29163872385126,161.52000427246094
2023-09-07,161.93109472052325,161.2100067138672
2023-09-08,161.7540611125103,161.39999389648438
2023-09-11,161.84270883249386,162.02000427246094
2023-09-12,161.6718064986808,161.3300018310547
2023-09-13,161.59120189104763,161.42999267578125
2023-09-14,161.99413561128438,162.8000030517578
2023-09-15,161.74275890524427,161.24000549316406
2023-09-18,161.68183845636077,161.55999755859375
2023-09-19,161.5245612088629,161.2100067138672
2023-09-20,161.14637393579142,160.38999938964844
2023-09-21,160.2075832342125,158.3300018310547
2023-09-22,159.51505711707918,158.1300048828125
2023-09-25,159.19337242863872,158.5500030517578
2023-09-26,158.21891637657947,156.27000427246094
2023-09-27,157.52594404760248,156.13999938964844
2023-09-28,157.05063139957355,156.10000610351562
2023-09-29,156.49375589398653,155.3800048828125
2023-10-02,155.96250189481916,154.89999389648438
2023-10-03,155.11500065286123,153.4199981689453
2023-10-04,154.79333173406894,154.14999389648438
2023-10-05,154.43555489628034,153.72000122070312
2023-10-06,154.62703476646556,155.00999450683594
2023-10-09,155.0846898443104,156.0
2023-10-10,155.63312513871995,156.72999572753906
2023-10-11,155.9720813913081,156.64999389648438
2023-10-12,155.92472153789032,155.8300018310547
2023-10-13,155.92981517239565,155.94000244140625
2023-10-16,156.39987556089397,157.33999633789062
2023-10-17,156.78325139118192,157.5500030517578
2023-10-18,156.5788336504364,156.1699981689453
2023-10-19,156.0092208060201,154.8699951171875
2023-10-20,155.13947850284154,153.39999389648438
2023-10-23,154.31298688926415,152.66000366210938
2023-10-24,154.06532703424904,153.57000732421875
2023-10-25,153.73021720903063,153.05999755859375
2023-10-26,153.00347915660637,151.5500030517578
2023-10-27,152.05565399177405,150.16000366210938
2023-10-30,152.00376729334417,151.89999389648438
2023-10-31,152.369180230068,153.10000610351562
2023-11-01,152.86278885455056,153.85000610351562
2023-11-02,154.10519134899727,156.58999633789062
2023-11-03,155.31679606371955,157.74000549316406
2023-11-06,156.17453050569586,157.88999938964844
2023-11-07,156.7530215578337,157.91000366210938
2023-11-08,157.1686810385558,158.0
2023-11-09,157.082455246407,156.91000366210938
2023-11-10,157.74163601713593,159.05999755859375
2023-11-13,158.13109189879376,158.91000366210938
2023-11-14,159.26406085896147,161.52999877929688
2023-11-15,160.1960397588389,162.05999755859375
2023-11-16,160.80402793004626,162.02000427246094
2023-11-17,161.2593513430126,162.1699981689453
2023-11-20,161.81623178726883,162.92999267578125
2023-11-21,162.18415391449435,162.9199981689453
2023-11-22,162.66610423726706,163.6300048828125
2023-11-24,163.1140676604567,164.00999450683594
2023-11-27,163.24937986445812,163.52000427246094
2023-11-28,163.29625303952156,163.38999938964844
2023-11-29,163.26416767576177,163.1999969482422
2023-11-30,163.68611137694015,164.52999877929688
2023-12-01,164.38074234211376,165.77000427246094
2023-12-04,164.7871635959144,165.60000610351562
2023-12-05,164.85144097312264,164.97999572753906
2023-12-06,164.78762853611823,164.66000366210938
2023-12-07,164.88508630109706,165.0800018310547
2023-12-08,165.07338985014545,165.4499969482422
2023-12-11,165.7155932334303,167.0
2023-12-12,166.37039304754728,167.67999267578125
2023-12-13,167.5602628455003,169.94000244140625
2023-12-14,168.43017461998198,170.1699981689453
2023-12-15,168.87344791559997,169.75999450683594
2023-12-18,169.37896507361614,170.38999938964844
2023-12-19,169.9726446031139,171.16000366210938
2023-12-20,169.54176062733637,168.67999267578125
2023-12-21,169.40784021477373,169.13999938964844
2023-12-22,169.4452282340028,169.52000427246094
2023-12-26,169.6934863031373,170.19000244140625
2023-12-27,169.92565733197435,170.38999938964844
2023-12-28,170.1471036672798,170.58999633789062
2023-12-29,170.231400410348,170.39999389648438
2024-01-02,170.17760271497158,170.07000732421875
2024-01-03,169.67173636401753,168.66000366210938
2024-01-04,169.2811575760117,168.5
2024-01-05,169.01077212424218,168.47000122070312
2024-01-08,169.33384665867447,169.97999572753906
2024-01-09,169.3759000104054,169.4600067138672
2024-01-10,169.66393517132497,170.24000549316406
2024-01-11,169.81929174182082,170.1300048828125
2024-01-12,170.0395264037269,170.47999572753906
2024-01-16,169.94968569330493,169.77000427246094
2024-01-17,169.706457535771,169.22000122070312
2024-01-18,169.98097128361297,170.52999877929688
2024-01-19,170.64731276492168,171.97999572753906
2024-01-22,171.27154326743477,172.52000427246094
2024-01-23,171.8043605506857,172.8699951171875
2024-01-24,171.98957390390765,172.36000061035156
2024-01-25,172.37971715664156,173.16000366210938
2024-01-26,172.60647729062563,173.05999755859375
2024-01-29,173.0643167695968,173.97999572753906
2024-01-30,173.50287947400204,174.3800048828125
2024-01-31,173.16525481372273,172.49000549316406
2024-02-01,173.54016763785944,174.2899932861328
2024-02-02,173.81344529535681,174.36000061035156
2024-02-05,173.6289616991832,173.25999450683594
2024-02-06,173.76597222816642,174.0399932861328
2024-02-07,174.2706477452099,175.27999877929688
2024-02-08,174.58043081288736,175.1999969482422
2024-02-09,174.95028802239366,175.69000244140625
2024-02-12,175.24352595861401,175.8300018310547
2024-02-13,174.7056856000135,173.6300048828125
2024-02-14,174.6837901965585,174.63999938964844
2024-02-15,175.1491940747239,176.0800018310547
2024-02-16,175.25946129232898,175.47999572753906
2024-02-20,175.26630712131828,175.27999877929688
2024-02-21,175.50753991193355,175.99000549316406
2024-02-22,176.425024776901,178.25999450683594
2024-02-23,177.20668460875433,178.77000427246094
2024-02-26,177.5477883150159,178.22999572753906
2024-02-27,177.7818588766773,178.25
2024-02-28,177.96124169252445,178.32000732421875
2024-02-29,178.10082942262048,178.3800048828125
2024-03-01,178.50722205648657,179.32000732421875
2024-03-04,178.7414836089468,179.2100067138672
2024-03-05,178.40432098181088,177.72999572753906
2024-03-06,178.52621541202757,178.77000427246094
2024-03-07,178.92747551719808,179.72999572753906
2024-03-08,178.90498388158258,178.86000061035156
2024-03-11,179.0566561245056,179.36000061035156
2024-03-12,179.54777034276935,180.52999877929688
2024-03-13,179.82518185611707,180.3800048828125
2024-03-14,179.88345457074473,180.0
2024-03-15,179.64563577014493,179.1699981689453
2024-03-18,179.6037586042503,179.52000427246094
2024-03-19,179.95250370166167,180.64999389648438
2024-03-20,180.63500246777446,182.0
2024-03-21,181.416666887696,182.97999572753906
2024-03-22,181.36444276074266,181.25999450683594
2024-03-25,180.98296224739616,180.22000122070312
2024-03-26,180.68864353276933,180.10000610351562
2024-03-27,181.24909406090873,182.3699951171875
2024-03-28,181.70272957738968,182.61000061035156
2024-04-01,181.64515264469208,181.52999877929688
2024-04-02,181.15676598838849,180.17999267578125
2024-04-03,180.75784623021474,179.9600067138672
2024-04-04,179.85856333967442,178.05999755859375
2024-04-05,179.6957072655121,179.3699951171875
2024-04-08,179.61380382642216,179.4499969482422
2024-04-09,179.65587104866947,179.74000549316406
2024-04-10,178.96391464279787,177.5800018310547
2024-04-11,178.59261179637048,177.85000610351562
2024-04-12,177.59507656541888,175.60000610351562
2024-04-15,176.5233860045501,174.3800048828125
2024-04-16,175.67558924554643,173.97999572753906
2024-04-17,174.89372677404918,173.3300018310547
2024-04-18,174.47248614363696,173.6300048828125
2024-04-19,174.36165722564078,174.13999938964844
2024-04-22,174.74110481709386,175.5
2024-04-23,175.35740199069278,176.58999633789062
2024-04-24,175.874935881165,176.91000366210938
2024-04-25,176.0999582713626,176.5500030517578
2024-04-26,176.30997075675475,176.72999572753906
2024-04-29,176.60664615391724,177.1999969482422
2024-04-30,176.09443321068443,175.07000732421875
2024-05-01,175.50962091975316,174.33999633789062
2024-05-02,175.41308102006982,175.22000122070312
2024-05-03,175.92205482718197,176.94000244140625
2024-05-06,176.62803431349892,178.0399932861328
2024-05-07,177.35869198373888,178.82000732421875
2024-05-08,177.95246111904208,179.13999938964844
2024-05-09,178.79164115292912,180.47000122070312
2024-05-10,179.57442723183556,181.13999938964844
2024-05-13,180.03628705917944,180.9600067138672
2024-05-14,180.57752592682277,181.66000366210938
2024-05-15,181.58835082133237,183.61000061035156
2024-05-16,182.2689021751591,183.6300048828125
2024-05-17,182.86593396963733,184.05999755859375
2024-05-20,183.08395740391188,183.52000427246094
2024-05-21,183.29597200950897,183.72000122070312
2024-05-22,183.35731324885234,183.47999572753906
2024-05-23,182.66487509233386,181.27999877929688
2024-05-24,182.31658176728507,181.6199951171875
2024-05-28,181.63772077128903,180.27999877929688
2024-05-29,180.59514534980468,178.50999450683594
2024-05-30,179.94676153203125,178.64999389648438
2024-05-31,180.26450565351564,180.89999389648438
2024-06-03,180.21967206328128,180.1300048828125
2024-06-04,180.2697797479167,180.3699951171875
2024-06-05,180.6931842606554,181.5399932861328
2024-06-06,180.9654543427156,181.50999450683594
2024-06-07,181.08030208134164,181.30999755859375
2024-06-10,181.3002032186158,181.74000549316406
2024-06-11,181.39013792048345,181.57000732421875
2024-06-12,181.7367561722494,182.42999267578125
2024-06-13,182.23450269067928,183.22999572753906
2024-06-14,182.43300240413777,182.8300018310547
2024-06-17,183.18533574989394,184.69000244140625
2024-06-18,183.82689070337983,185.11000061035156
2024-06-20,184.25459400570375,185.11000061035156
2024-06-21,184.42639742795615,184.77000427246094
2024-06-24,184.71426271401504,185.2899932861328
2024-06-25,184.50617392197358,184.08999633789062
2024-06-26,184.25744745026105,183.75999450683594
2024-06-27,184.06829911397614,183.69000244140625
2024-06-28,183.56220042657003,182.5500030517578
2024-07-01,183.0914649165415,182.14999389648438
2024-07-02,183.1509780351813,183.27000427246094
2024-07-03,183.25731909702193,183.47000122070312
2024-07-05,183.501547895736,183.99000549316406
2024-07-08,183.70436546727453,184.11000061035156
2024-07-09,183.6929097011648,183.6699981689453
2024-07-10,184.23527557551614,185.32000732421875
2024-07-11,184.7468518078311,185.77000427246094
2024-07-12,185.5512357592572,187.16000366210938
2024-07-15,186.3074929475777,187.82000732421875
2024-07-16,187.6883276144659,190.4499969482422
2024-07-17,188.5088830418054,190.14999389648438
2024-07-18,188.52258971178955,188.5500030517578
2024-07-19,188.14172810213054,187.3800048828125
2024-07-22,188.29781893820422,188.61000061035156
2024-07-23,188.28854738295647,188.27000427246094
2024-07-24,187.50236248056473,185.92999267578125
2024-07-25,187.03824185716036,186.11000061035156
2024-07-26,187.49215920360172,188.39999389648438
2024-07-29,187.78143967251833,188.36000061035156
2024-07-30,187.93762644834555,188.25
2024-07-31,188.55508206094132,189.7899932861328
2024-08-01,188.35338702337495,187.9499969482422
2024-08-02,187.71559216271874,186.44000244140625
2024-08-05,185.73372953263282,181.77000427246094
2024-08-06,184.83248594818753,183.02999877929688
2024-08-07,183.93165892639587,182.1300048828125
2024-08-08,184.40444131876913,185.35000610351562
2024-08-09,184.83629319526017,185.6999969482422
2024-08-12,184.9508596887672,185.17999267578125
2024-08-13,185.75057516035002,187.35000610351562
2024-08-14,186.55038140572816,188.14999389648438
2024-08-15,187.91358740036827,190.63999938964844
2024-08-16,188.93239200714657,190.97000122070312
2024-08-19,189.93492881856648,191.94000244140625
2024-08-20,190.51995335951307,191.69000244140625
2024-08-21,191.22330386727955,192.6300048828125
2024-08-22,191.47887107590773,191.99000549316406
2024-08-23,192.17591649201142,193.57000732421875
2024-08-26,192.67394371765607,193.6699981689453
2024-08-27,193.17596003703113,194.17999267578125
2024-08-28,193.2939729511197,193.52999877929688
2024-08-29,193.68265087203554,194.4600067138672
2024-08-30,194.48509936065392,196.08999633789062
2024-09-03,194.19006827494115,193.60000610351562
2024-09-04,194.0633780361587,193.80999755859375
2024-09-05,193.54558352638446,192.50999450683594
2024-09-06,192.50372174057145,190.4199981689453
2024-09-09,192.51248075347993,192.52999877929688
2024-09-10,192.66165607360904,192.9600067138672
2024-09-11,192.87443839965866,193.3000030517578
2024-09-12,193.43629145263705,194.55999755859375
2024-09-13,194.2275268212893,195.80999755859375
2024-09-16,195.09168698893245,196.82000732421875
2024-09-17,195.5344573822701,196.4199981689453
2024-09-18,195.62297260543266,195.8000030517578
2024-09-19,196.361980516252,197.83999633789062
2024-09-20,196.7646561189076,197.57000732421875
2024-09-23,197.2597707459384,198.25
2024-09-24,197.50984533290426,198.00999450683594
2024-09-25,197.36323266334244,197.07000732421875
2024-09-26,197.61548681462415,198.1199951171875
2024-09-27,197.50365746951508,197.27999877929688
2024-09-30,197.68910416587465,198.05999755859375
2024-10-01,197.43940359105187,196.94000244140625
2024-10-02,197.27626804344868,196.9499969482422
2024-10-03,196.87751263931736,196.0800018310547
2024-10-04,196.9916754997793,197.22000122070312
2024-10-07,196.48778224236588,195.47999572753906
2024-10-08,196.59852393631684,196.82000732421875
2024-10-09,197.37568018280498,198.92999267578125
2024-10-10,197.63378475403147,198.14999389648438
2024-10-11,198.33918983602098,199.75
2024-10-14,199.33279566542024,201.32000732421875
2024-10-15,199.59519548267602,200.1199951171875
2024-10-16,200.09346243441425,201.08999633789062
2024-10-17,200.4289769907814,201.10000610351562
2024-10-18,200.79265275134125,201.52000427246094
2024-10-21,200.5251036652822,199.99000549316406
2024-10-22,200.23006890673764,199.63999938964844
2024-10-23,199.6500477688798,198.49000549316406
2024-10-24,199.07336456890164,197.9199981689453
2024-10-25,198.34557617581726,196.88999938964844
2024-10-28,198.13038309995892,197.6999969482422
2024-10-29,197.87025743447782,197.35000610351562
2024-10-30,197.5768401207066,196.99000549316406
2024-10-31,196.44789422760653,194.19000244140625
2024-11-01,195.97193090922468,195.02000427246094
2024-11-04,195.55795251532948,194.72999572753906
2024-11-05,195.8786364343733,196.52000427246094
2024-11-06,197.7057578263661,201.36000061035156
2024-11-07,199.05383855091074,201.75
2024-11-08,200.39256147534675,203.07000732421875
2024-11-11,201.1883739099968,202.77999877929688
2024-11-12,201.32224805262808,201.58999633789062
2024-11-13,201.41816557186925,201.61000061035156
2024-11-14,201.0187774548139,200.22000122070312
2024-11-15,200.24251911701134,198.69000244140625
2024-11-18,199.9850131515753,199.47000122070312
2024-11-19,199.536675230933,198.63999938964844
2024-11-20,199.27111865167672,198.74000549316406
2024-11-21,199.84741243445117,201.0
2024-11-22,200.71827719425653,202.4600067138672
2024-11-25,201.79551711225176,203.9499969482422
2024-11-26,202.6070099840142,204.22999572753906
2024-11-27,203.03134161694697,203.8800048828125
2024-11-29,203.58089196989175,204.67999267578125
2024-12-02,203.86059403624296,204.4199981689453
2024-12-03,203.8603962276125,203.86000061035156
2024-12-04,203.74359565402034,203.50999450683594
2024-12-05,203.45906356589637,202.88999938964844
2024-12-06,203.27270700942572,202.89999389648438
2024-12-09,202.89846930511195,202.14999389648438
2024-12-10,202.30898116434548,201.1300048828125
2024-12-11,201.90265288886056,201.08999633789062
2024-12-12,201.43177042362842,200.49000549316406
2024-12-13,201.63784796633823,202.0500030517578
2024-12-16,201.91523238445987,202.47000122070312
2024-12-17,201.68348866320764,201.22000122070312
2024-12-18,199.80232353751606,196.0399932861328
2024-12-19,198.3548845962998,195.4600067138672
2024-12-20,198.00658891706445,197.30999755859375
2024-12-23,197.71105765043882,197.1199951171875
2024-12-24,198.1873715635087,199.13999938964844
2024-12-26,198.68491193426624,199.67999267578125
2024-12-27,198.54660938033118,198.27000427246094
2024-12-30,197.6310739374734,195.8000030517578
2024-12-31,197.03071656866717,195.8300018310547
2025-01-02,196.31714417566096,194.88999938964844
2025-01-03,196.26809550675577,196.1699981689453
2025-01-06,196.14206346772,195.88999938964844
2025-01-07,195.8313778831024,195.2100067138672
2025-01-08,195.8242511082662,195.80999755859375
2025-01-10,194.82949951814103,192.83999633789062
2025-01-13,194.59299805115654,194.1199951171875
2025-01-14,194.78866292603146,195.17999267578125
2025-01-15,195.67911085531006,197.4600067138672
2025-01-16,196.39607451389162,197.8300018310547
2025-01-17,197.31404764142255,199.14999389648438
2025-01-21,198.57603379545358,201.10000610351562
2025-01-22,199.41068980732064,201.0800018310547
2025-01-23,200.41046109225024,202.41000366210938
2025-01-24,201.03030881898715,202.27000427246094
2025-01-27,201.33354002646018,201.94000244140625
2025-01-28,201.35902790500992,201.41000366210938
2025-01-29,201.25601962059255,201.0500030517578
2025-01-30,201.8140106389888,202.92999267578125
2025-01-31,201.9493408328936,202.22000122070312
2025-02-03,201.85622661157754,201.6699981689453
2025-02-04,201.97415331234077,202.2100067138672
2025-02-05,202.6094371691647,203.8800048828125
2025-02-06,202.91962254148743,203.5399932861328
2025-02-07,202.55641563800987,201.8300018310547
2025-02-10,202.7542750575014,203.14999389648438
2025-02-11,203.23285085213635,204.19000244140625
2025-02-12,203.2452353255779,203.27000427246094
2025-02-13,203.7101566802681,204.63999938964844
2025-02-14,203.7601046569626,203.86000061035156
2025-02-18,203.940070788561,204.3000030517578
2025-02-19,204.37004576822036,205.22999572753906
2025-02-20,204.3033632351287,204.1699981689453
2025-02-21,203.5289073992655,201.97999572753906
2025-02-24,202.85593643512235,201.50999450683594
2025-02-25,202.6172907532977,202.13999938964844
2025-02-26,202.27152777921674,201.5800018310547
2025-02-27,201.63102055398303,200.35000610351562
2025-02-28,202.1306819969262,203.1300048828125
2025-03-03,201.82712173818518,201.22000122070312
2025-03-04,200.60141245761827,198.14999389648438
2025-03-05,200.3776058636726,199.92999267578125
2025-03-06,199.50173724244843,197.75
2025-03-07,199.53115694092918,199.58999633789062
2025-03-10,198.384103406583,196.08999633789062
2025-03-11,196.71940206760482,193.38999938964844
2025-03-12,195.20293410138498,192.1699981689453
2025-03-13,193.58195484688687,190.33999633789062
2025-03-14,193.41463717494284,193.0800018310547
2025-03-17,193.9730902292588,195.08999633789062
2025-03-18,193.93539368962308,193.86000061035156
2025-03-19,194.4002630701003,195.3300018310547
2025-03-20,194.43350871340022,194.5
2025-03-21,194.34567186524862,194.1699981689453
2025-03-24,195.06044974122045,196.49000549316406
2025-03-25,195.36696506999334,195.97999572753906
2025-03-26,195.43797732368046,195.5800018310547
2025-03-27,195.1519854928052,194.5800018310547
2025-03-28,194.08132447567226,191.94000244140625
2025-03-31,194.0508848148362,193.99000549316406
2025-04-01,193.91725450871894,193.64999389648438
2025-04-02,194.21150402306526,194.8000030517578
2025-04-03,192.06100085098882,187.75999450683594
2025-04-04,187.06400300873213,177.07000732421875
2025-04-07,183.26600139546986,175.6699981689453
2025-04-08,180.08066983493563,173.7100067138672
2025-04-09,182.23377765200138,186.5399932861328
2025-04-10,182.0158523783525,181.5800018310547
2025-04-11,182.92723491890166,184.75
2025-04-14,184.2048214482131,186.75999450683594
2025-04-15,184.80988238962905,186.02000427246094
2025-04-16,184.2432551298699,183.11000061035156
2025-04-17,184.1155036233638,183.86000061035156
2025-04-21,182.80033513855764,180.1699981689453
2025-04-22,183.32689171997595,184.3800048828125
2025-04-23,184.1612617570022,185.8300018310547
2025-04-24,185.55750987250667,188.35000610351562
2025-04-25,186.59167446904092,188.66000366210938
2025-04-28,187.4077807414049,189.0399932861328
2025-04-29,188.33185138619703,190.17999267578125
2025-04-30,189.23123385056365,191.02999877929688
2025-05-01,189.54748679230286,190.17999267578125
2025-05-02,190.70499261902222,193.02000427246094
2025-05-05,191.27999263794192,192.42999267578125
2025-05-06,191.10999651611493,190.77000427246094
2025-05-07,191.40666434407663,192.0
2025-05-08,191.84444330295213,192.72000122070312
2025-05-09,191.97296077781445,192.22999572753906
2025-05-12,193.6753077955612,197.0800018310547
2025-05-13,194.61687186370747,196.5
2025-05-14,194.8412456711826,195.2899932861328
2025-05-15,195.78749467271552,197.67999267578125
2025-05-16,196.88832856110724,199.08999633789062
2025-05-19,197.75888570740486,199.5
2025-05-20,198.19925774862148,199.0800018310547
2025-05-21,197.3328405335862,195.60000610351562
2025-05-22,196.5285597453726,194.9199981689453
2025-05-23,195.79570710726665,194.3300018310547
2025-05-27,196.49713603700593,197.89999389648438
2025-05-28,196.53142605917583,196.60000610351562
2025-05-29,196.80094948541412,197.33999633789062
2025-05-30,197.1772972155365,197.92999267578125
2025-06-02,197.71153107012333,198.77999877929688
2025-06-03,198.50102132376713,200.0800018310547
2025-06-04,198.97734510777184,199.92999267578125
2025-06-05,199.0748981626682,199.27000427246094
2025-06-06,199.5332644245262,200.4499969482422
2025-06-09,199.71217872442375,200.07000732421875
2025-06-10,200.2614526863997,201.36000061035156
2025-06-11,200.59763654842016,201.27000427246094
2025-06-12,201.27842416216293,202.63999938964844
2025-06-13,201.00561834606435,200.4600067138672
2025-06-16,201.0570801180794,201.16000366210938
2025-06-17,200.55138450743056,199.5399932861328
2025-06-18,200.0809228015032,199.13999938964844
2025-06-20,199.69727942626255,198.92999267578125
2025-06-23,200.13485111978702,201.00999450683594
2025-06-24,201.09990033962364,203.02999877929688
2025-06-25,201.50993417010068,202.3300018310547
2025-06-26,202.18995713065306,203.5500030517578
2025-06-27,202.75996938593016,203.89999389648438
2025-06-30,203.3966456469352,204.6699981689453
2025-07-01,204.28776620602974,206.07000732421875
2025-07-02,205.0118463753089,206.4600067138672
2025-07-03,205.94456343640385,207.80999755859375
2025-07-07,206.12637745532393,206.49000549316406
2025-07-08,206.0742520437837,205.97000122070312
2025-07-09,206.30950095562144,206.77999877929688
2025-07-10,206.62300063708096,207.25
2025-07-11,206.3919979833144,205.92999267578125
